Image,CO2,AnnualCrop,SeaLake,Industrial,Highway,HerbaceousVegetation,Residential,PermenantCrop,Pasture,River,Forest
1,416.10205,1.78222656,1.53808594,1.48925781,1.3671875,1.68457031,1.34277344,1.39160156,1.58691406,1.39160156,86.42578125
2,417.5787,1.83105469,2.07519531,2.36816406,1.5625,2.1484375,1.953125,1.7578125,2.31933594,2.31933594,81.66503906
3,418.26935,2.63671875,2.29492188,2.02636719,2.41699219,2.1484375,2.27050781,2.734375,1.92871094,2.27050781,79.27246094
4,417.67178,2.51464844,2.51464844,2.1484375,2.63671875,2.49023438,2.09960938,2.49023438,2.46582031,1.953125,78.68652344
5,419.2034,2.51464844,2.61230469,2.85644531,2.90527344,2.70996094,2.85644531,2.61230469,2.80761719,2.97851562,75.14648438
